BEGIN;

INSERT INTO pet_hosts (
  id,
  full_name,
  city,
  neighborhood,
  bio,
  services,
  accepted_pet_types,
  price_per_night,
  price_per_day,
  rating,
  review_count,
  response_time,
  max_pets,
  has_yard,
  non_smoking,
  is_available,
  is_featured,
  languages,
  photo_url,
  gallery,
  created_by
) VALUES
  (
    '11111111-1111-4111-8111-111111111111',
    'Sara Al-Dosari',
    'Riyadh',
    'Al Olaya',
    'Passionate animal lover with 5 years hosting experience.',
    ARRAY['boarding','daycare'],
    ARRAY['dog','cat','rabbit'],
    120,
    95,
    4.9,
    87,
    'Within 1 hour',
    3,
    false,
    true,
    true,
    true,
    ARRAY['Arabic','English'],
    'https://images.unsplash.com/photo-1488426862026-56bde9d879af?w=400&q=80',
    ARRAY['https://images.unsplash.com/photo-1548199973-03cce0bbc87b?w=900&q=80'],
    'seed@saudipetsitters.com'
  ),
  (
    '11111111-1111-4111-8111-222222222222',
    'Mohammed Al-Qahtani',
    'Jeddah',
    'Al Rawdah',
    'Dog trainer and boarding specialist. Large yard available.',
    ARRAY['boarding','dog_walking'],
    ARRAY['dog'],
    95,
    70,
    4.8,
    54,
    'Within 2 hours',
    4,
    true,
    true,
    true,
    true,
    ARRAY['Arabic','English'],
    'https://images.unsplash.com/photo-1507003211169-0a1dd7228f2d?w=400&q=80',
    ARRAY['https://images.unsplash.com/photo-1601758228041-f3b2795255f1?w=900&q=80'],
    'seed@saudipetsitters.com'
  ),
  (
    '11111111-1111-4111-8111-333333333333',
    'Nora Al-Harbi',
    'Dammam',
    'Al Faisaliyah',
    'Vet nurse offering professional home care.',
    ARRAY['home_sitting','daycare'],
    ARRAY['dog','cat','bird'],
    NULL,
    80,
    5.0,
    31,
    'Within 30 minutes',
    2,
    false,
    true,
    true,
    true,
    ARRAY['Arabic','English'],
    'https://images.unsplash.com/photo-1438761681033-6461ffad8d80?w=400&q=80',
    ARRAY['https://images.unsplash.com/photo-1587300003388-59208cc962cb?w=900&q=80'],
    'seed@saudipetsitters.com'
  ),
  (
    '11111111-1111-4111-8111-444444444444',
    'Khalid Al-Otaibi',
    'Riyadh',
    'Al Malaz',
    'Lifelong pet owner. Cats, small dogs and birds are my specialty!',
    ARRAY['boarding','home_sitting'],
    ARRAY['cat','dog','bird'],
    110,
    NULL,
    4.7,
    42,
    'Within 3 hours',
    3,
    false,
    true,
    true,
    true,
    ARRAY['Arabic'],
    'https://images.unsplash.com/photo-1500648767791-00dcc994a43e?w=400&q=80',
    ARRAY['https://images.unsplash.com/photo-1514888286974-6c03e2ca1dba?w=900&q=80'],
    'seed@saudipetsitters.com'
  )
ON CONFLICT (id) DO UPDATE SET
  full_name = EXCLUDED.full_name,
  city = EXCLUDED.city,
  neighborhood = EXCLUDED.neighborhood,
  bio = EXCLUDED.bio,
  services = EXCLUDED.services,
  accepted_pet_types = EXCLUDED.accepted_pet_types,
  price_per_night = EXCLUDED.price_per_night,
  price_per_day = EXCLUDED.price_per_day,
  rating = EXCLUDED.rating,
  review_count = EXCLUDED.review_count,
  response_time = EXCLUDED.response_time,
  max_pets = EXCLUDED.max_pets,
  has_yard = EXCLUDED.has_yard,
  non_smoking = EXCLUDED.non_smoking,
  is_available = EXCLUDED.is_available,
  is_featured = EXCLUDED.is_featured,
  languages = EXCLUDED.languages,
  photo_url = EXCLUDED.photo_url,
  gallery = EXCLUDED.gallery,
  updated_at = now();

INSERT INTO vet_clinics (
  id,
  name,
  city,
  address,
  phone,
  email,
  website,
  services,
  specialties,
  opening_hours,
  emergency_available,
  rating,
  image_url,
  is_featured,
  is_approved
) VALUES
  (
    '22222222-2222-4222-8222-111111111111',
    'Al-Noor Vet Clinic',
    'Riyadh',
    'King Fahd Road, Al Olaya',
    '+966-11-123-4567',
    'info@alnoor.com',
    'https://example.com/al-noor-vet-clinic',
    ARRAY['emergency','surgery','vaccination'],
    ARRAY['Dogs','Cats','Surgery','Emergency'],
    'Open daily 8:00 - 22:00',
    true,
    4.9,
    'https://images.unsplash.com/photo-1628009368231-7bb7cfcb0def?w=600&q=85',
    true,
    true
  ),
  (
    '22222222-2222-4222-8222-222222222222',
    'Pet Care Plus',
    'Jeddah',
    'Prince Sultan Street, Al Rawdah',
    '+966-12-234-5678',
    'hello@petcareplus.com',
    'https://example.com/pet-care-plus',
    ARRAY['checkup','dental','grooming'],
    ARRAY['Dental','Grooming','Cats'],
    'Sat-Thu 9:00 - 21:00',
    false,
    4.8,
    'https://images.unsplash.com/photo-1612349317150-e413f6a5b16d?w=600&q=85',
    true,
    true
  ),
  (
    '22222222-2222-4222-8222-333333333333',
    'Paws Medical Center',
    'Dammam',
    'Prince Mohammed Bin Fahd Road',
    '+966-13-345-6789',
    'contact@pawsmedical.com',
    'https://example.com/paws-medical-center',
    ARRAY['xray','lab','ultrasound'],
    ARRAY['Lab Tests','X-Ray','Ultrasound'],
    'Open daily 10:00 - 20:00',
    true,
    4.7,
    'https://images.unsplash.com/photo-1559839734-2b71ea197ec2?w=600&q=85',
    true,
    true
  ),
  (
    '22222222-2222-4222-8222-444444444444',
    'Happy Tails Veterinary',
    'Riyadh',
    'Al Malaz District',
    '+966-11-456-7890',
    'support@happytails.com',
    'https://example.com/happy-tails-veterinary',
    ARRAY['vaccination','microchip','consultation'],
    ARRAY['Vaccination','Microchipping','Small Animals'],
    'Sat-Thu 8:30 - 19:00',
    false,
    4.9,
    'https://images.unsplash.com/photo-1576091160550-2173dba999ef?w=600&q=85',
    true,
    true
  ),
  (
    '22222222-2222-4222-8222-555555555555',
    'Advanced Pet Hospital',
    'Jeddah',
    'Tahlia Street',
    '+966-12-567-8901',
    'admin@advancedpet.com',
    'https://example.com/advanced-pet-hospital',
    ARRAY['surgery','emergency','icu'],
    ARRAY['Surgery','Emergency','Critical Care'],
    '24/7 Emergency',
    true,
    4.8,
    'https://images.unsplash.com/photo-1576091160399-112ba8d25d1d?w=600&q=85',
    true,
    true
  )
ON CONFLICT (id) DO UPDATE SET
  name = EXCLUDED.name,
  city = EXCLUDED.city,
  address = EXCLUDED.address,
  phone = EXCLUDED.phone,
  email = EXCLUDED.email,
  website = EXCLUDED.website,
  services = EXCLUDED.services,
  specialties = EXCLUDED.specialties,
  opening_hours = EXCLUDED.opening_hours,
  emergency_available = EXCLUDED.emergency_available,
  rating = EXCLUDED.rating,
  image_url = EXCLUDED.image_url,
  is_featured = EXCLUDED.is_featured,
  is_approved = EXCLUDED.is_approved,
  updated_at = now();

INSERT INTO pets (
  id,
  name,
  species,
  breed,
  age,
  gender,
  size,
  description,
  image_url,
  location,
  vaccinated,
  neutered,
  status,
  created_by,
  poster_name,
  poster_email,
  poster_phone
) VALUES
  (
    '33333333-3333-4333-8333-111111111111',
    'Luna',
    'cat',
    'Arabian Mau',
    '2 years',
    'female',
    'small',
    'Gentle and affectionate cat who loves sunny windows and quiet homes.',
    'https://images.unsplash.com/photo-1574158622682-e40ad94f3009?w=800&q=85',
    'Riyadh',
    true,
    true,
    'available',
    'seed@saudipetsitters.com',
    'Layla Al-Harbi',
    'layla@example.com',
    '+966-55-440-1188'
  ),
  (
    '33333333-3333-4333-8333-222222222222',
    'Max',
    'dog',
    'Golden Retriever Mix',
    '3 years',
    'male',
    'large',
    'Playful, trained, and great with families.',
    'https://images.unsplash.com/photo-1633722715463-d30628519b21?w=800&q=85',
    'Jeddah',
    true,
    true,
    'available',
    'seed@saudipetsitters.com',
    'Omar Khalid',
    'omar@example.com',
    '+966-56-220-7744'
  ),
  (
    '33333333-3333-4333-8333-333333333333',
    'Milo',
    'rabbit',
    'Mini Lop',
    '1 year',
    'male',
    'small',
    'Curious indoor rabbit looking for a calm home.',
    'https://images.unsplash.com/photo-1585110396000-c9ffd4d4b3f0?w=800&q=85',
    'Dammam',
    true,
    false,
    'available',
    'seed@saudipetsitters.com',
    'Sara Mansour',
    'sara@example.com',
    '+966-50-913-2266'
  ),
  (
    '33333333-3333-4333-8333-444444444444',
    'Coco',
    'bird',
    'Cockatiel',
    '8 months',
    'female',
    'small',
    'Social cockatiel who enjoys gentle handling.',
    'https://images.unsplash.com/photo-1552728089-57bdde30beb3?w=800&q=85',
    'Khobar',
    false,
    false,
    'available',
    'seed@saudipetsitters.com',
    'Fahad Al-Otaibi',
    'fahad@example.com',
    '+966-53-771-9050'
  ),
  (
    '33333333-3333-4333-8333-555555555555',
    'Bella',
    'dog',
    'Saluki Mix',
    '4 years',
    'female',
    'medium',
    'Calm, loyal, and comfortable around older children.',
    'https://images.unsplash.com/photo-1572826595617-d2a27c9ad6a3?w=800&q=85',
    'Riyadh',
    true,
    true,
    'available',
    'seed@saudipetsitters.com',
    'Noura Saad',
    'noura@example.com',
    '+966-54-308-6611'
  ),
  (
    '33333333-3333-4333-8333-666666666666',
    'Nala',
    'cat',
    'Domestic Shorthair',
    '10 months',
    'female',
    'small',
    'Sweet kitten rescued in Jeddah and ready for adoption.',
    'https://images.unsplash.com/photo-1519052537078-e6302a4968d4?w=800&q=85',
    'Jeddah',
    true,
    false,
    'available',
    'seed@saudipetsitters.com',
    'Huda Zayed',
    'huda@example.com',
    '+966-58-122-4477'
  )
ON CONFLICT (id) DO UPDATE SET
  name = EXCLUDED.name,
  species = EXCLUDED.species,
  breed = EXCLUDED.breed,
  age = EXCLUDED.age,
  gender = EXCLUDED.gender,
  size = EXCLUDED.size,
  description = EXCLUDED.description,
  image_url = EXCLUDED.image_url,
  location = EXCLUDED.location,
  vaccinated = EXCLUDED.vaccinated,
  neutered = EXCLUDED.neutered,
  status = EXCLUDED.status,
  poster_name = EXCLUDED.poster_name,
  poster_email = EXCLUDED.poster_email,
  poster_phone = EXCLUDED.poster_phone,
  updated_at = now();

INSERT INTO partner_deals (
  id,
  title,
  description,
  partner_name,
  partner_type,
  discount,
  discount_label,
  discount_code,
  city,
  image_url,
  link_url,
  is_active
) VALUES
  (
    '44444444-4444-4444-8444-111111111111',
    '20% Off Annual Vet Checkup',
    'Book your pet''s annual health checkup and get 20% off at any of our partner clinics in Riyadh.',
    'Al Hayat Vet Clinics',
    'vet_clinic',
    '20% OFF',
    '20% OFF',
    'PETSITTER20',
    'Riyadh',
    'https://images.unsplash.com/photo-1628009368231-7bb7cfcb0def?w=400&q=80',
    'https://example.com/al-hayat-vet-clinics',
    true
  ),
  (
    '44444444-4444-4444-8444-222222222222',
    'Free Grooming Session',
    'New customers get a complimentary full grooming session for dogs up to 10kg.',
    'PawSpa Grooming',
    'grooming',
    'FREE Session',
    'FREE Session',
    'FIRSTPAW',
    'Jeddah',
    'https://images.unsplash.com/photo-1587300003388-59208cc962cb?w=400&q=80',
    'https://example.com/pawspa-grooming',
    true
  ),
  (
    '44444444-4444-4444-8444-333333333333',
    '15% Off Premium Pet Food',
    'Exclusive discount on Royal Canin and Hills Science Diet for Saudi Petsitters members.',
    'PetMart KSA',
    'food',
    '15% OFF',
    '15% OFF',
    'PETMART15',
    'All Cities',
    'https://images.unsplash.com/photo-1568640347023-a616a30bc3bd?w=400&q=80',
    'https://example.com/petmart-ksa',
    true
  )
ON CONFLICT (id) DO UPDATE SET
  title = EXCLUDED.title,
  description = EXCLUDED.description,
  partner_name = EXCLUDED.partner_name,
  partner_type = EXCLUDED.partner_type,
  discount = EXCLUDED.discount,
  discount_label = EXCLUDED.discount_label,
  discount_code = EXCLUDED.discount_code,
  city = EXCLUDED.city,
  image_url = EXCLUDED.image_url,
  link_url = EXCLUDED.link_url,
  is_active = EXCLUDED.is_active;

-- Demo blog posts (see also supabase/seed-blog.sql)
INSERT INTO blog_posts (
  id,
  title,
  slug,
  excerpt,
  content,
  cover_image,
  category,
  author_name,
  published,
  status,
  published_at,
  tags,
  seo_title,
  seo_description,
  featured,
  created_by
) VALUES
  (
    '55555555-5555-4555-8555-111111111111',
    'How to Prepare Your Pet for Summer in Saudi Arabia',
    'prepare-pet-for-saudi-summer',
    'Practical heat-safety tips for walks, hydration, grooming, and emergency warning signs.',
    '<p>Saudi summers can be challenging for pets. With temperatures regularly exceeding 40°C, owners need a proactive plan to keep animals safe, comfortable, and healthy.</p><h2>Walk smarter, not longer</h2><p>Keep walks short and schedule them before sunrise or after sunset. Hot pavement can burn paw pads in seconds — if you cannot hold your hand on the ground for five seconds, it is too hot for your pet.</p><h2>Hydration and shade</h2><ul><li>Provide constant access to fresh, cool water indoors and outdoors.</li><li>Never leave pets in parked cars, even for a few minutes.</li><li>Create shaded rest areas if your pet spends time in a yard or balcony.</li></ul><h2>Warning signs to watch for</h2><p>Heavy panting, weakness, drooling, vomiting, or confusion can signal heatstroke. Move your pet to a cool area immediately and contact a veterinarian without delay.</p>',
    'https://images.unsplash.com/photo-1601758228041-f3b2795255f1?w=1200&q=85',
    'pet_care',
    'Saudi Petsitters Team',
    true,
    'published',
    now() - interval '14 days',
    ARRAY['summer', 'heat-safety', 'saudi-arabia'],
    'Summer Pet Care Guide for Saudi Arabia',
    'Heat-safety tips for pet walks, hydration, grooming, and emergency warning signs in Saudi summers.',
    true,
    'seed@saudipetsitters.com'
  ),
  (
    '55555555-5555-4555-8555-222222222222',
    'Vaccination Basics for New Pet Owners',
    'vaccination-basics-new-pet-owners',
    'A simple guide to core vaccines and when to ask your vet for a tailored schedule.',
    '<p>Bringing a new pet home is exciting — and vaccinations are one of the most important steps in protecting their long-term health.</p><h2>Start with a wellness visit</h2><p>Vaccination plans depend on species, age, lifestyle, and previous medical history. Schedule a wellness check within the first week, bring any adoption or breeder records, and ask your veterinarian to build a schedule tailored to your pet.</p><h2>Core vaccines to discuss</h2><ul><li>Rabies (required in many regions)</li><li>Combination vaccines for dogs (distemper, parvovirus, adenovirus)</li><li>Core feline vaccines (panleukopenia, calicivirus, herpesvirus)</li><li>Parasite prevention for fleas, ticks, and worms</li></ul><p>Keep a simple vaccination log and set reminders for boosters. Your vet clinic on Saudi Petsitters can help you stay on track.</p>',
    'https://images.unsplash.com/photo-1628009368231-7bb7cfcb0def?w=1200&q=85',
    'health',
    'Dr. Reem Al-Salem',
    true,
    'published',
    now() - interval '10 days',
    ARRAY['vaccination', 'vet-care', 'new-owners'],
    'Vaccination Basics for New Pet Owners',
    'Core vaccines, wellness visits, and booster schedules explained for new pet owners in Saudi Arabia.',
    false,
    'seed@saudipetsitters.com'
  ),
  (
    '55555555-5555-4555-8555-333333333333',
    'Choosing the Right Pet Sitter',
    'choosing-the-right-pet-sitter',
    'Questions to ask before boarding, daycare, or home-sitting bookings.',
    '<p>Finding trustworthy care for your pet while you travel or work long hours can feel overwhelming. The right sitter should feel like an extension of your own routine.</p><h2>What to ask every sitter</h2><ul><li>How many pets do you host at once, and what species do you accept?</li><li>Can you follow my pet''s feeding, medication, and exercise schedule?</li><li>What is your emergency plan if my pet becomes ill?</li><li>How often will you send updates and photos?</li></ul><h2>Red flags to avoid</h2><p>Vague answers about experience, unwillingness to share references, or no clear cancellation policy are worth noting. On Saudi Petsitters, verified hosts display ratings, services, and availability to help you compare options confidently.</p>',
    'https://images.unsplash.com/photo-1548199973-03cce0bbc87b?w=1200&q=85',
    'lifestyle',
    'Saudi Petsitters Team',
    true,
    'published',
    now() - interval '7 days',
    ARRAY['pet-sitting', 'boarding', 'travel'],
    'How to Choose the Right Pet Sitter',
    'Essential questions for boarding, daycare, and home-sitting before you book a pet sitter.',
    false,
    'seed@saudipetsitters.com'
  ),
  (
    '55555555-5555-4555-8555-444444444444',
    '5 Essential Commands Every Dog Should Know',
    'essential-dog-training-commands',
    'Sit, stay, come, leave it, and heel — the foundation for a well-behaved companion.',
    '<p>Training builds trust between you and your dog. These five commands form the foundation for safer walks, calmer vet visits, and better social interactions.</p><h2>1. Sit</h2><p>The easiest starting point. Use a treat above the nose, guide into a sit, and reward immediately. Practice in short sessions of 5–10 minutes.</p><h2>2. Stay</h2><p>Once sit is reliable, add duration and distance gradually. Always release with a clear cue like "okay."</p><h2>3. Come</h2><p>Make coming to you the best thing that happens all day — high-value treats and enthusiastic praise work wonders.</p><h2>4. Leave it</h2><p>Critical for street safety. Reward ignoring distractions on walks and around food.</p><h2>5. Heel</h2><p>Loose-leash walking reduces pulling and makes summer evening walks more enjoyable for both of you.</p>',
    'https://images.unsplash.com/photo-1587300003388-59208cc962cb?w=1200&q=85',
    'training',
    'Mohammed Al-Qahtani',
    true,
    'published',
    now() - interval '5 days',
    ARRAY['dog-training', 'obedience', 'puppies'],
    '5 Essential Dog Training Commands',
    'Teach sit, stay, come, leave it, and heel with practical tips for Saudi pet owners.',
    false,
    'seed@saudipetsitters.com'
  ),
  (
    '55555555-5555-4555-8555-555555555555',
    'A Beginner''s Guide to Pet Nutrition',
    'beginners-guide-pet-nutrition',
    'How to read labels, portion meals correctly, and avoid common feeding mistakes.',
    '<p>Good nutrition is the backbone of a long, healthy life for your pet. With so many brands and diets available, a few simple principles go a long way.</p><h2>Read the label</h2><p>Look for named protein sources (chicken, lamb, fish) as the first ingredient. Avoid foods heavy in fillers if your vet recommends a higher-quality diet.</p><h2>Portion control matters</h2><p>Overfeeding is one of the most common causes of obesity in pets. Use the feeding guide on the package as a starting point, then adjust based on your vet''s advice and your pet''s activity level.</p><h2>Species-specific needs</h2><ul><li>Cats are obligate carnivores — they need animal protein.</li><li>Dogs benefit from balanced commercial diets matched to life stage.</li><li>Rabbits and small pets need hay, fresh greens, and limited pellets.</li></ul><p>When in doubt, ask your veterinarian before switching foods abruptly.</p>',
    'https://images.unsplash.com/photo-1568640347023-a616a30bc3bd?w=1200&q=85',
    'nutrition',
    'Dr. Reem Al-Salem',
    true,
    'published',
    now() - interval '3 days',
    ARRAY['nutrition', 'feeding', 'wellness'],
    'Beginner''s Guide to Pet Nutrition',
    'Label reading, portion control, and species-specific feeding tips for pet owners.',
    false,
    'seed@saudipetsitters.com'
  ),
  (
    '55555555-5555-4555-8555-666666666666',
    'Saudi Petsitters Launches Nationwide Vet Directory',
    'saudi-petsitters-vet-directory-launch',
    'Find approved clinics, book appointments, and access pet health resources in one place.',
    '<p>We are excited to announce the expansion of our vet directory across Saudi Arabia, making it easier than ever to find trusted clinics near you.</p><h2>What is new</h2><ul><li>Search clinics by city, specialty, and services offered.</li><li>Book appointments directly through the platform.</li><li>Read verified reviews from other pet owners.</li><li>Access our growing library of pet care articles.</li></ul><p>Whether you need a routine checkup, emergency care referral, or specialist consultation, Saudi Petsitters connects you with the right clinic faster.</p><p><strong>Explore the directory today</strong> and give your pet the care they deserve.</p>',
    'https://images.unsplash.com/photo-1514888286974-6c03e2ca1dba?w=1200&q=85',
    'news',
    'Saudi Petsitters Team',
    true,
    'published',
    now() - interval '1 day',
    ARRAY['news', 'vet-directory', 'platform'],
    'Saudi Petsitters Vet Directory Launch',
    'Nationwide vet directory with appointments, reviews, and pet health resources.',
    false,
    'seed@saudipetsitters.com'
  )
ON CONFLICT (id) DO UPDATE SET
  title = EXCLUDED.title,
  slug = EXCLUDED.slug,
  excerpt = EXCLUDED.excerpt,
  content = EXCLUDED.content,
  cover_image = EXCLUDED.cover_image,
  category = EXCLUDED.category,
  author_name = EXCLUDED.author_name,
  published = EXCLUDED.published,
  status = EXCLUDED.status,
  published_at = EXCLUDED.published_at,
  tags = EXCLUDED.tags,
  seo_title = EXCLUDED.seo_title,
  seo_description = EXCLUDED.seo_description,
  featured = EXCLUDED.featured,
  updated_at = now();

INSERT INTO blog_comments (
  id,
  post_id,
  author_name,
  author_email,
  content,
  status
) VALUES
  (
    '88888888-8888-4888-8888-111111111111',
    '55555555-5555-4555-8555-111111111111',
    'Fatima Al-Rashid',
    'fatima@example.com',
    'This was so helpful! I started walking my husky at 5:30 AM and it made a huge difference.',
    'approved'
  ),
  (
    '88888888-8888-4888-8888-222222222222',
    '55555555-5555-4555-8555-111111111111',
    'Omar Hassan',
    'omar@example.com',
    'Great reminder about hot pavement. I had no idea it could burn paws that quickly.',
    'approved'
  ),
  (
    '88888888-8888-4888-8888-333333333333',
    '55555555-5555-4555-8555-222222222222',
    'Layla Mansour',
    'layla@example.com',
    'Just adopted a kitten — this vaccination timeline is exactly what I needed. Thank you!',
    'approved'
  )
ON CONFLICT (id) DO UPDATE SET
  content = EXCLUDED.content,
  status = EXCLUDED.status,
  updated_at = now();

INSERT INTO forum_threads (
  id,
  title,
  content,
  category,
  author_name,
  author_email,
  upvotes,
  upvoted_by,
  comment_count,
  pinned
) VALUES
  (
    '66666666-6666-4666-8666-111111111111',
    'Best time to walk dogs during summer?',
    'With the hotter weather in Riyadh, what times have worked best for safe dog walks?',
    'health',
    'Maha',
    'maha@example.com',
    7,
    ARRAY['seed1@example.com','seed2@example.com'],
    2,
    true
  ),
  (
    '66666666-6666-4666-8666-222222222222',
    'Cat-friendly boarding recommendations in Jeddah',
    'I am looking for a calm boarding option for a shy indoor cat. What should I ask hosts before booking?',
    'hosting',
    'Faisal',
    'faisal@example.com',
    4,
    ARRAY['seed3@example.com'],
    1,
    false
  ),
  (
    '66666666-6666-4666-8666-333333333333',
    'Preparing an adopted rabbit for a new home',
    'Any tips for litter setup, food, and making the first week less stressful?',
    'adoption',
    'Layla',
    'layla@example.com',
    5,
    ARRAY['seed4@example.com','seed5@example.com'],
    1,
    false
  )
ON CONFLICT (id) DO UPDATE SET
  title = EXCLUDED.title,
  content = EXCLUDED.content,
  category = EXCLUDED.category,
  author_name = EXCLUDED.author_name,
  author_email = EXCLUDED.author_email,
  upvotes = EXCLUDED.upvotes,
  upvoted_by = EXCLUDED.upvoted_by,
  comment_count = EXCLUDED.comment_count,
  pinned = EXCLUDED.pinned,
  updated_at = now();

INSERT INTO forum_comments (
  id,
  thread_id,
  content,
  author_name,
  author_email,
  upvotes,
  upvoted_by
) VALUES
  (
    '77777777-7777-4777-8777-111111111111',
    '66666666-6666-4666-8666-111111111111',
    'Before 7am has been safest for us. I also check the pavement with my hand before leaving.',
    'Omar',
    'omar@example.com',
    3,
    ARRAY['seed6@example.com']
  ),
  (
    '77777777-7777-4777-8777-222222222222',
    '66666666-6666-4666-8666-111111111111',
    'Cooling mats and shorter routes helped my senior dog a lot.',
    'Noura',
    'noura@example.com',
    2,
    ARRAY[]::TEXT[]
  ),
  (
    '77777777-7777-4777-8777-333333333333',
    '66666666-6666-4666-8666-222222222222',
    'Ask whether cats are kept separately from dogs and whether the host can send daily photos.',
    'Sara',
    'sara@example.com',
    4,
    ARRAY['seed7@example.com']
  ),
  (
    '77777777-7777-4777-8777-444444444444',
    '66666666-6666-4666-8666-333333333333',
    'Give the rabbit a quiet room first and introduce greens gradually.',
    'Hind',
    'hind@example.com',
    2,
    ARRAY[]::TEXT[]
  )
ON CONFLICT (id) DO UPDATE SET
  thread_id = EXCLUDED.thread_id,
  content = EXCLUDED.content,
  author_name = EXCLUDED.author_name,
  author_email = EXCLUDED.author_email,
  upvotes = EXCLUDED.upvotes,
  upvoted_by = EXCLUDED.upvoted_by;

INSERT INTO lost_pets (
  id,
  pet_name,
  species,
  breed,
  description,
  image_url,
  last_seen_location,
  last_seen_date,
  city,
  color,
  gender,
  age,
  owner_name,
  owner_phone,
  owner_email,
  reward_offered,
  status,
  created_by
) VALUES
  (
    '88888888-8888-4888-8888-111111111111',
    'Simba',
    'cat',
    'Persian',
    'White and ginger cat, shy but responds to his name.',
    'https://images.unsplash.com/photo-1533738363-b7f9aef128ce?w=800&q=85',
    'Near Al Nakheel Mall',
    current_date - INTERVAL '2 days',
    'Riyadh',
    'White and ginger',
    'male',
    '3 years',
    'Abeer',
    '+966-55-111-2233',
    'abeer@example.com',
    500,
    'lost',
    'abeer@example.com'
  ),
  (
    '88888888-8888-4888-8888-222222222222',
    'Rocky',
    'dog',
    'Beagle',
    'Friendly beagle wearing a blue collar.',
    'https://images.unsplash.com/photo-1543466835-00a7907e9de1?w=800&q=85',
    'Corniche walkway',
    current_date - INTERVAL '1 day',
    'Jeddah',
    'Brown, black, and white',
    'male',
    '4 years',
    'Yousef',
    '+966-56-222-3344',
    'yousef@example.com',
    750,
    'lost',
    'yousef@example.com'
  ),
  (
    '88888888-8888-4888-8888-333333333333',
    'Mishmish',
    'cat',
    'Domestic Shorthair',
    'Found orange cat, healthy and calm. Looking for owner.',
    'https://images.unsplash.com/photo-1596854407944-bf87f6fdd49e?w=800&q=85',
    'Al Rakah',
    current_date - INTERVAL '3 days',
    'Khobar',
    'Orange',
    'female',
    'Unknown',
    'Dana',
    '+966-57-333-4455',
    'dana@example.com',
    NULL,
    'found',
    'dana@example.com'
  )
ON CONFLICT (id) DO UPDATE SET
  pet_name = EXCLUDED.pet_name,
  species = EXCLUDED.species,
  breed = EXCLUDED.breed,
  description = EXCLUDED.description,
  image_url = EXCLUDED.image_url,
  last_seen_location = EXCLUDED.last_seen_location,
  last_seen_date = EXCLUDED.last_seen_date,
  city = EXCLUDED.city,
  color = EXCLUDED.color,
  gender = EXCLUDED.gender,
  age = EXCLUDED.age,
  owner_name = EXCLUDED.owner_name,
  owner_phone = EXCLUDED.owner_phone,
  owner_email = EXCLUDED.owner_email,
  reward_offered = EXCLUDED.reward_offered,
  status = EXCLUDED.status,
  updated_at = now();

INSERT INTO vet_subscriptions (
  id,
  clinic_id,
  clinic_name,
  contact_name,
  contact_email,
  contact_phone,
  city,
  address,
  specialties,
  promo_title,
  promo_description,
  plan,
  status,
  amount,
  amount_paid,
  start_date,
  end_date,
  created_by
) VALUES
  (
    '99999999-9999-4999-8999-111111111111',
    '22222222-2222-4222-8222-111111111111',
    'Al-Noor Vet Clinic',
    'Dr. Hanan Al-Fahad',
    'info@alnoor.com',
    '+966-11-123-4567',
    'Riyadh',
    'King Fahd Road, Al Olaya',
    ARRAY['Dogs','Cats','Surgery','Emergency'],
    'New client wellness package',
    'Includes consultation, vaccination review, and preventive care checklist.',
    'annual',
    'active',
    999,
    999,
    current_date - INTERVAL '30 days',
    current_date + INTERVAL '335 days',
    'seed@saudipetsitters.com'
  ),
  (
    '99999999-9999-4999-8999-222222222222',
    '22222222-2222-4222-8222-222222222222',
    'Pet Care Plus',
    'Dr. Sami Nassar',
    'hello@petcareplus.com',
    '+966-12-234-5678',
    'Jeddah',
    'Prince Sultan Street, Al Rawdah',
    ARRAY['Dental','Grooming','Cats'],
    'Dental care month',
    'Discounted dental checks for cats and small dogs.',
    'annual',
    'active',
    999,
    999,
    current_date - INTERVAL '20 days',
    current_date + INTERVAL '345 days',
    'seed@saudipetsitters.com'
  )
ON CONFLICT (id) DO UPDATE SET
  clinic_id = EXCLUDED.clinic_id,
  clinic_name = EXCLUDED.clinic_name,
  contact_name = EXCLUDED.contact_name,
  contact_email = EXCLUDED.contact_email,
  contact_phone = EXCLUDED.contact_phone,
  city = EXCLUDED.city,
  address = EXCLUDED.address,
  specialties = EXCLUDED.specialties,
  promo_title = EXCLUDED.promo_title,
  promo_description = EXCLUDED.promo_description,
  plan = EXCLUDED.plan,
  status = EXCLUDED.status,
  amount = EXCLUDED.amount,
  amount_paid = EXCLUDED.amount_paid,
  start_date = EXCLUDED.start_date,
  end_date = EXCLUDED.end_date,
  updated_at = now();

COMMIT;
